id,tokenId,contractAddress,name,numOwners,currentSupply,equipment_type,rarity,combat_modifiers,is_placeable,ship_rank,placeable_category,placeable.is_bottom_stackable,model_gltf_url,name_trait,soulbound,gltf_scaling_factor,animation_url,placeable.terrain,image_trait,size,energy_provided,description_trait,placeable.is_top_stackable
0x3b4cdb27641bc76214a0cb6cae3560a468d9ad4a-1,1,0x3b4cdb27641bc76214a0cb6cae3560a468d9ad4a,Pirate's Sloop,0,0,,4,,false,1,,,ipfs://QmUpdtRtu1YJ89isqjY2G16RU8rTSHckPcSNHSpS6RrBvG,Pirate's Sloop,false,,ipfs://QmWYuXfNqkeEhKNaxJNN9aF7HvZEK1Mr8wMw2nBccBseNe,,ipfs://QmQbe4E1hsQkrf5LQsfwg19zhCZM5icKdFtGaXBoKbRwKg,,,This agile little vessel relies on its superior handling to evade attacks as it can’t take many hits.,
0x3b4cdb27641bc76214a0cb6cae3560a468d9ad4a-2,2,0x3b4cdb27641bc76214a0cb6cae3560a468d9ad4a,Wood,5220,282520,,2,,false,,,,ipfs://Qmdgcn8HVvgzUJ5gKx9rCgRcwTo6BX32VnBru1ndSrgrNr,Wood,false,,ipfs://QmWx3GPmcNwDBAsru3xWLEAV1LpuPNAiM8N1vJXr6rvMbq,,ipfs://QmScCE7hpodAqXzXKXJf9DYZXAoece4Y8Jx32EvZYeszF4,,,"Wood is good for more than replacing a leg. It can be used to create Wooden Oars, and much much more...",
0x3b4cdb27641bc76214a0cb6cae3560a468d9ad4a-3,3,0x3b4cdb27641bc76214a0cb6cae3560a468d9ad4a,Jug of Rum,2188,50805,,3,,false,,,,ipfs://QmYLxtPgA3T8chrqZhMC7E2wFx3QdbKD9WZumKXD9Esjy2,Jug of Rum,false,,ipfs://QmSV1rpEpNCWNNniunuSuSEmV9j8tDaYSHUS4RSVgm7G4K,,ipfs://Qmbug97WSHZdforSKWR8Ptfgyxjk5FXhUGtpPowLvxgvuV,,5000000000000000000,A jug of delicious rum. This will restore 5 Energy.,
0x3b4cdb27641bc76214a0cb6cae3560a468d9ad4a-4,4,0x3b4cdb27641bc76214a0cb6cae3560a468d9ad4a,Cotton,5077,276127,,2,,false,,,,ipfs://QmY9Dndx4tT43SjpaJxeucMLvJqJKbnJ1VMx72TuCuf1bA,Cotton,false,,ipfs://QmVP7HogJR11qTaUZX58rHRRLWvM3xpRf84ewJDD4EUkUb,,ipfs://QmQsmVfYunPXBXLwcdR3nEv3q4HTZKxsSNqVwft8j7H5cH,,,"Soft, fluffy cotton. This is useful for crafting cool items like Cotton Nets.",
0x3b4cdb27641bc76214a0cb6cae3560a468d9ad4a-5,5,0x3b4cdb27641bc76214a0cb6cae3560a468d9ad4a,Iron Ore,4830,270512,,2,,false,,,,ipfs://QmPXkqi7uS2arPMwyuNoRHvVFR8F6PfZ5YyegQxGbFLDtp,Iron Ore,false,,ipfs://QmbeJhNkt8DqyFR39YPLBirivNPYKP33enYWWHmFiSzrrD,,ipfs://QmZZJDCiTB1mv2sHrAqwT86cnWsxpKwW36wC1YJ7gg8zqv,,,"Strong, heavy iron ore. This is useful for crafting items like Iron Anchors.",
0x3b4cdb27641bc76214a0cb6cae3560a468d9ad4a-6,6,0x3b4cdb27641bc76214a0cb6cae3560a468d9ad4a,Town Hall,0,0,,2,,false,,1,,ipfs://QmWTDUzZwQ5kR7zhbtNLxudF5D49oenu7WVTGYgAVHdnhQ,Town Hall,false,,ipfs://QmW6k7r8gY398whKhnb5MFHFrQPzU1atvt2SH9uHHdE32B,,ipfs://QmTJE5sMktc8sLwkaiqNCpF9ZTMxtBko3ynAMPPFgnjqmE,,,Raise the flag over your Town Hall and let the Jolly Roger smile!,
0x3b4cdb27641bc76214a0cb6cae3560a468d9ad4a-7,7,0x3b4cdb27641bc76214a0cb6cae3560a468d9ad4a,Bulletin Board,0,0,,2,,false,,1,,ipfs://QmbPdxVCnCDoPUWEwa8W1h2DZShkmJwmmcjYSdfV39Tthn,Bulletin Board,false,,ipfs://QmYNFSUq1fhgPryNd9qM7gspfyimiVbFxmCzmyxrMs61u4,,ipfs://Qmag1zeGdWs7LzDxmyxJMgy8pfG1Z4S2QFYP98rffdCcjg,,,"Ahoy! Need for more gold, iron, loot and booty? Take a job, set sail, succeed and collect your rewards. Savvy?",
0x3b4cdb27641bc76214a0cb6cae3560a468d9ad4a-8,8,0x3b4cdb27641bc76214a0cb6cae3560a468d9ad4a,Blacksmith,0,0,,2,,false,,1,,ipfs://QmT6W3dNisQnWxmeibpxwj1KoQsVrL6vwLZjTqJkRZSeUS,Blacksmith,false,,ipfs://QmRogR1TZnwmWGxS32h1PNsHhMhDP5EJA42XcVr16qzWFk,,ipfs://QmPwqAhY7grMcei7JR25MorXUb1HX1aim7PHxKWD2pEXbe,,,Man the bellows and fire the forge! Visit the Smithy to Craft new items and upgrade old ones.,
0x3b4cdb27641bc76214a0cb6cae3560a468d9ad4a-9,9,0x3b4cdb27641bc76214a0cb6cae3560a468d9ad4a,Gold Keg Statue,126,165,,3,,true,,2,,ipfs://QmVrreRKjQcuhwKxaMb85H2n5DRkUK4zAsMBWRRP4VxAdt,Gold Keg Statue,false,633,ipfs://QmQrEiNo3ZKUnoq6AWCK2JGi6Wy8JpRLNJHPTntz2KXfEs,,ipfs://QmaNzwpMU65Uw8ebTjRx3nGfGUxxipxU9SjfFgsVuRPxwa,"[1,3,1]",,A way to honor the container of a pirate's best friend. Very shiny.,
0x3b4cdb27641bc76214a0cb6cae3560a468d9ad4a-10,10,0x3b4cdb27641bc76214a0cb6cae3560a468d9ad4a,Parrot Totem,1000,1107,,3,,true,,2,true,ipfs://QmYxPntk1h45gyq1iif28wAoDDEC1CXoNszMXVvJqKQXeD,Parrot Totem,false,750,ipfs://QmdH5RHLAxeCbQShvvbMRTPrrVFYNeGwWZM995SQNxZ2qg,,ipfs://QmSzugo6t6CyZeVUCXAqEYqYjY57nZ4JHeFtCkNR47A8id,"[1,1,1]",,An emblem of a beautiful and intelligent creature. Looks stackable.,true
0x3b4cdb27641bc76214a0cb6cae3560a468d9ad4a-11,11,0x3b4cdb27641bc76214a0cb6cae3560a468d9ad4a,Small Rock,850,2984,,2,,true,,3,,ipfs://QmQWuhq4iL2NBEhdfweuMyipRmz6EytU6RJHDVHKytxs8f,Small Rock,false,3300,ipfs://QmbNvFQ2VjyL5aBg7JiVN6pmKMUJxntTifjxBJwZ7C78WY,,ipfs://QmY6vHVUmKw94wNEy6CmLBE4rqm1USHS7f7qP1oP4xxVdR,"[3,1,3]",,A lump of earth. Modest in size.,
0x3b4cdb27641bc76214a0cb6cae3560a468d9ad4a-12,12,0x3b4cdb27641bc76214a0cb6cae3560a468d9ad4a,Medium Rock,86,219,,2,,true,,3,,ipfs://QmUZTy6NBxaZPG6d3F457RWkVkGcpoVTf8hBNmQDiqzFNg,Medium Rock,false,3300,ipfs://QmT9Z7DKXwhJCE1tBj3pP6XLfvqrmRdxqjLx9jyV54yE49,,ipfs://QmbS71w9PDfYu9Q7GcufDTTBQhQNdmoPNnjwHCufNvEsRM,"[3,2,3]",,A lump of earth. Average in size.,
0x3b4cdb27641bc76214a0cb6cae3560a468d9ad4a-13,13,0x3b4cdb27641bc76214a0cb6cae3560a468d9ad4a,Palm Tree,737,3301,,2,,true,,3,,ipfs://Qmb4bFN2nJ4sCEwMzcecrdWb5zAkJYgM6mHzuM7GUrQagU,Palm Tree,false,3000,ipfs://QmSKh3h2wfYkjwxgi4ErVMToeqX4Ur4v3SDadRK6BrH2NY,,ipfs://QmQSTgyZeVtg1VQafvrRofx6uGwwCWA5zrB2vunvn2PRCq,"[3,5,3]",,It's a tree mate. Good for shade.,
0x3b4cdb27641bc76214a0cb6cae3560a468d9ad4a-14,14,0x3b4cdb27641bc76214a0cb6cae3560a468d9ad4a,Bush,40,92,,2,,true,,3,,ipfs://QmT9UQ2oYYWUWRtKjsNf6sAXiG5DVjY67CWhTD2npJTxSH,Bush,false,2000,ipfs://QmSpUkZozV7Ky54Z9W7ktsMrv5ktfP6q5iNidfqYtqKe7P,,ipfs://QmaGUWyaAbwuejpCeos2UfY8Vyyig7v7TG1JNvtCjJXPzL,"[2,1,1]",,This be a shrub. That's all it be mate.,
0x3b4cdb27641bc76214a0cb6cae3560a468d9ad4a-15,15,0x3b4cdb27641bc76214a0cb6cae3560a468d9ad4a,Wood Chest,0,0,,2,,false,,,,ipfs://QmXZX6jD5U9c8PYRFasC9b4VBY21XvPPKEe3PWtgR4Tz8n,Wood Chest,false,,ipfs://QmZjFcqu3zhS1e9ZcYz2cwy2zmEbv9cCadhHtrR2zS3j4u,,ipfs://QmTf6whxHMPFiMhLves6j1dkKSfX2zaeDovN5Twa7LutvD,,,A treasure chest made out of wood. Kinda light and smells like a tree.,
0x3b4cdb27641bc76214a0cb6cae3560a468d9ad4a-16,16,0x3b4cdb27641bc76214a0cb6cae3560a468d9ad4a,Founder's Iron Chest,160,800,,2,,true,,1,,ipfs://QmaUQ3tTAoL3ozJcD8s48NfWZYG5NUDoMWCnjcU88Qm6fx,Founder's Iron Chest,false,1000,ipfs://Qmcp2uZBKvmUL63yZnbmC4KrJXYz22FpzQnnt6xdwPL3im,,ipfs://QmZBWQfcCN216fRMw8izZJZ9gqdntwGfhsgw4eqzHGRAD1,"[1,1,1]",,An Iron clad treasure chest. Heavy-ish she be.,
0x3b4cdb27641bc76214a0cb6cae3560a468d9ad4a-17,17,0x3b4cdb27641bc76214a0cb6cae3560a468d9ad4a,Founder's Bronze Chest,156,851,,3,,true,,1,,ipfs://QmPCj1CfejudWFdB6zDCGQ6Jt7nemtjLe8mQBKiATwL7TS,Founder's Bronze Chest,false,1000,ipfs://QmYgQjXad1DnC8haB5B3PG6D5kvjo658h4gfH1YziAPufq,,ipfs://QmYrgogXvEjTuxvMxve9BjnPqALguMRiHYypsLrEQEzMTw,"[1,1,1]",,Bronzed be this treasure chest. Me heart grows heavier with delight of its weight.,
0x3b4cdb27641bc76214a0cb6cae3560a468d9ad4a-18,18,0x3b4cdb27641bc76214a0cb6cae3560a468d9ad4a,Founder's Silver Chest,152,888,,4,,true,,1,,ipfs://QmaVGiGNV5AQYFjUFjHGK1w8Pd9iHbQ7zw4uzy4FjD3hSk,Founder's Silver Chest,false,1000,ipfs://QmS6EEKRFov1Yi5AsTLhLMXtG8Xfta1x7M4Vewa3Rz4fGn,,ipfs://QmQrQnMBvzTBC5S6Gzw8yn9Qux9gTFPrGua3yN56mP7RQE,"[1,1,1]",,Silver like the moon over the seas this beauty treasure chest be. Kinda heavy now says I.,
0x3b4cdb27641bc76214a0cb6cae3560a468d9ad4a-19,19,0x3b4cdb27641bc76214a0cb6cae3560a468d9ad4a,Founder's Gold Chest,163,1086,,5,,true,,1,,ipfs://QmPZ6TowLTsxXutfLGKGvxeNtyYPAapmwBMPQrXxq4F2h9,Founder's Gold Chest,false,1000,ipfs://QmYr1dzANDfGVomx8CMRqa9saPjJ9nAuLb34pQ5C4wmczY,,ipfs://QmYncHdDhFefCtMu2w6j7BKYmn254CWzK95uhGPUNkDjzY,"[1,1,1]",,A Golden Treasure Chest that glistens like the morning sun over the horizon. Definitely heavy with hopes of fine treasure.,
0x3b4cdb27641bc76214a0cb6cae3560a468d9ad4a-20,20,0x3b4cdb27641bc76214a0cb6cae3560a468d9ad4a,Founder's Map Piece I,723,6479,,2,,false,,,,ipfs://QmWA21XkaeXZ9QcCthQ9JBNE7PKWJF8kFDuoaC79i1YhB2,Founder's Map Piece I,false,,ipfs://QmcZzftpFhwhoTzuJkoosQppPKPEzrKbdPUQLPPkU3tXRB,,ipfs://QmP8HbPE1gxtf3Gj2AGX3GWe8VzELSVYbz1F46RwK9WxG2,,,"Well lookey here me matey, a Founder’s Map with inklings of it leading to something special.",
0x3b4cdb27641bc76214a0cb6cae3560a468d9ad4a-21,21,0x3b4cdb27641bc76214a0cb6cae3560a468d9ad4a,Founder's Map Piece II,628,6080,,3,,false,,,,ipfs://QmcVSZvNtAPiKMGZ9Hv7F3mxznMUiopAed25stp56rG3z3,Founder's Map Piece II,false,,ipfs://QmY8yKGpHtcRVMiG7LHLDKnYsK6D4MdeUK21mPpvMdiXag,,ipfs://QmaJfho6WD3iubs99rJNNaM6x9E4txw3DW9BeDpevuGyht,,,"Well shiver me timbers! A Founder’s Map, it looks like it points to something a pirate would love.",
0x3b4cdb27641bc76214a0cb6cae3560a468d9ad4a-22,22,0x3b4cdb27641bc76214a0cb6cae3560a468d9ad4a,Founder's Map Piece III,549,5720,,4,,false,,,,ipfs://QmbzyntjfaCiUUQVgTwBAUt1bqB4kxEj2zAMZ3wnivgX6Z,Founder's Map Piece III,false,,ipfs://QmQTAnzUcssiJDVZLCp2ehRpNeFHZuaVJeeUK1seFF84To,,ipfs://QmY1xKFNXvze4BUHCUk2z9ey2m1WfKpANKGHWcSn5yz3nv,,,A Founder’s Map just itching to tell us where it hides some juicy treasure.,
0x3b4cdb27641bc76214a0cb6cae3560a468d9ad4a-23,23,0x3b4cdb27641bc76214a0cb6cae3560a468d9ad4a,Founder's Map Piece IV,484,4819,,5,,false,,,,ipfs://QmeU9bPHQNYBTQWSeC4htLNhadvdjnCHp94JZ4Nms61Guf,Founder's Map Piece IV,false,,ipfs://QmVXT1rLXoh4duNRsw5wfZKRhV7X8bC4PLKKmnEA9Gi46o,,ipfs://Qmd1GYQ4J5rUY8o6ZDvHv75yMBJXwuGw9LwpCFPXGmX623,,,"A Founder’s Map, let's unlock its secrets and its treasure location.",
0x3b4cdb27641bc76214a0cb6cae3560a468d9ad4a-24,24,0x3b4cdb27641bc76214a0cb6cae3560a468d9ad4a,Mailbox,0,0,,2,,false,,3,,ipfs://QmZcNUtAoFcaTRWDjfpwcFRhBi1uYXBf7U2frVL3TxGCRX,Mailbox,false,,ipfs://QmeajC8mmpp5aMZUJ24sDv37UQubaEFk3znn3ZdeR51zyw,,ipfs://QmWhtxGR4w9jonKenZgd71HgNXfMpz5W3AemETqEjAxGik,,,A way to receive news that is personal to you.,
0x3b4cdb27641bc76214a0cb6cae3560a468d9ad4a-25,25,0x3b4cdb27641bc76214a0cb6cae3560a468d9ad4a,Pirate Nation Flag,2195,2644,,3,,true,,1,,ipfs://QmUCVgx3DbfHgM8XTfrHXVreuQgn8c6R1oGkHDPeGGm1EH,Pirate Nation Flag,false,1250,ipfs://QmRNKhJyuHWN9FQoRwuAtViZS9X4rMQruMavg5zL9K1bud,,ipfs://QmWMcXehKA3VbGg5Wtv5xuoxMB3BHh8HStZD5wLFdSiSAH,"[1,5,1]",,Mark yer isle with yer colors and show all those scallywags that it be yer sand they be standing on.,
0x3b4cdb27641bc76214a0cb6cae3560a468d9ad4a-26,26,0x3b4cdb27641bc76214a0cb6cae3560a468d9ad4a,Gold Pirate Statue,21,23,,4,,true,,2,,ipfs://QmWTgzzET6ctZry6DQyEqSXyHFHVo8XJusUJv5Nq8wATjG,Gold Pirate Statue,false,750,ipfs://QmXiL52HcX87SzpsC2y3moLAYbfBb1Rz1doBitQfyWfhwR,,ipfs://QmTTmJpwebNsbzKW6dgS5TKWFyUt19KYdEoXf3hibJFokd,"[1,3,1]",,A way to honor some scallywag. Very shiny.,
0x3b4cdb27641bc76214a0cb6cae3560a468d9ad4a-27,27,0x3b4cdb27641bc76214a0cb6cae3560a468d9ad4a,Cherry Blossom Tree,12,17,,6,,true,,3,,ipfs://QmUzjgtRZFeU5CpybGEirFkebotPXizKqdvwsyznfN6YSp,Cherry Blossom Tree,false,1500,ipfs://QmY2SzPosTjFYrMTKQbSdNRZYn2dT7ULE7qh55GeMeZynh,,ipfs://QmRFymobU4KGnKuutzV7LE5NtmSdj3EDJn3b5WdZZi4JK1,"[4,4,4]",,A tree that has beautiful pink flowers.,
0x3b4cdb27641bc76214a0cb6cae3560a468d9ad4a-28,28,0x3b4cdb27641bc76214a0cb6cae3560a468d9ad4a,Large Rock,60,192,,2,,true,,3,,ipfs://QmedAza3sDE2aD4xHgAsfZ1nHS6hJ4MnisDM4mrTZGcwbR,Large Rock,false,3300,ipfs://Qma7WanUqTKRHirPTSZbhTu6tDNedcTD883bn8mFoQbqdk,,ipfs://QmX8kRY4GfFQJSTHrMjSN9HnrL5dKPvFt7c17tMp7h4ENx,"[3,2,3]",,A lump of earth. Kind of massive in size.,
0x3b4cdb27641bc76214a0cb6cae3560a468d9ad4a-29,29,0x3b4cdb27641bc76214a0cb6cae3560a468d9ad4a,Fence,0,0,,2,,false,,3,,ipfs://Qma2nivrh5bF41FtHNCadk6YjJS4oGHPWWu8kszDnGnZ1a,Fence,false,1250,ipfs://QmSSqXrgSs8qc4b4kGPHJSJn9WTKczHr24Xe5dS3AZ1hbx,,ipfs://QmUFRGxh9L56c52FuhDNkPEB4E26voj321fpRj5M1NU9SL,"[1,1,1]",,Keeps out unwanted visitors.,
0x3b4cdb27641bc76214a0cb6cae3560a468d9ad4a-30,30,0x3b4cdb27641bc76214a0cb6cae3560a468d9ad4a,Monkey Totem,174,285,,3,,true,,2,true,ipfs://QmaQvxupdSeHQ5d6ahdkbcZaHNQVqbJEuVeCnK65QrUtVe,Monkey Totem,false,750,ipfs://QmZL17PrVq7sDcPiUrsNv22xkqoywqH6NSdzcabxjh1Gk2,,ipfs://QmdfW329qhQvhRxwzMBnvSwbKPGP7W2ypWFJGRS2SJPGV5,"[1,1,1]",,"A totem of Bobo, the Monkey Pirate! Looks stackable.",true
0x3b4cdb27641bc76214a0cb6cae3560a468d9ad4a-31,31,0x3b4cdb27641bc76214a0cb6cae3560a468d9ad4a,Goldfish Totem,620,850,,3,,true,,2,true,ipfs://QmX34NsrHh4ZoCjrFcviu61cXvBYLNt8HBgoWFDTg3YyqT,Goldfish Totem,false,750,ipfs://QmNqvoFaoZev8K8wfeyT15iLzopEbT8ShHjS2FS9M8dQZ2,,ipfs://QmeWrDfQqbDhp1B8DoMsJYp2NVVhmfuhAWw6NfXaFBWm9v,"[1,1,1]",,A totem of a forgetful creature. Looks stackable.,true
0x3b4cdb27641bc76214a0cb6cae3560a468d9ad4a-32,32,0x3b4cdb27641bc76214a0cb6cae3560a468d9ad4a,Goblin Totem,698,788,,3,,true,,2,true,ipfs://QmTS86ianqpogEZirautbR1bDsntsJxhvnDEyz3aeaXror,Goblin Totem,false,750,ipfs://QmapGrHLPYQ5cjPR2GGmvymCiURuDBnJ5F1SwpC68PsNnH,,ipfs://QmQ7VkPWqVfbqTxNcZn4pYzQE2cazvaBiBprgw8UGSiqHq,"[1,1,1]",,A totem of a mischievous creature. Looks stackable.,true
0x3b4cdb27641bc76214a0cb6cae3560a468d9ad4a-34,34,0x3b4cdb27641bc76214a0cb6cae3560a468d9ad4a,Topiary Pirate Statue,39,42,,5,,true,,2,,ipfs://QmSUrpXt76c9iWKnp5jagsbSAiHQdH6Pso9S4z9pFgM2HN,Topiary Pirate Statue,false,750,ipfs://QmatQQ3YHGSFwBtrfuBBmEJ87PeUEjZp9QfUfms9u9RKvq,,ipfs://QmQhdvpx9KTpM2LpGo6znsaNXCZ5NGUZw79QymbUndYb6s,"[1,3,1]",,A way to honor some scallywag. Well-trimmed.,
0x3b4cdb27641bc76214a0cb6cae3560a468d9ad4a-35,35,0x3b4cdb27641bc76214a0cb6cae3560a468d9ad4a,Rogue's Galleon,0,0,,8,,false,1,,,ipfs://QmXvL6w1sjKAsrnmb4RfQLgWxMCv8VfR3e2het93AKp3Yk,Rogue's Galleon,false,,ipfs://QmZtADa6vQ1Gjhqap1Lz9S8EUbBkTPbCiaPkuUvNDmCGsm,,ipfs://QmfM24T8QAtx3Cp8de9KC7wNd1mkmFe1zbfN1aN2tmJLCM,,,A rare galleon fit for pirate royalty.,
0x3b4cdb27641bc76214a0cb6cae3560a468d9ad4a-36,36,0x3b4cdb27641bc76214a0cb6cae3560a468d9ad4a,Energy Coil,30,35,,6,,true,,3,,ipfs://QmeW1oT1dwe4ccEKkmZ5v6yDps1wfGz3YyR1vS6Gykrz86,Energy Coil,false,1250,ipfs://QmZ4nNcknH1razT4uAszT3edyJcd8YvzKER7jP5rcapRsd,,ipfs://QmNU5nUpHrBqMeSfNsTHfZZs2WVjkV96gN4UyND9QoEQ2u,"[3,6,3]",,Get a charge every day from this mecha-sparky-thing! Generates a Flask of Rum daily. NOTE: Only one Energy Coil is effective per Starter Island.,
0x3b4cdb27641bc76214a0cb6cae3560a468d9ad4a-37,37,0x3b4cdb27641bc76214a0cb6cae3560a468d9ad4a,Triple Wind Mill,34,54,,6,,true,,3,,ipfs://QmfWksUao7FdWUF7Fxi6FrhuSNFUXAcdqnmCz1QGvtdomj,Triple Wind Mill,false,1250,ipfs://QmQqYeNzQv7cCHiZRoEWxFoAyUibD8pfBYptVKgCJtU7gx,,ipfs://QmXxWgmcjSjrRCgyyi716RWCSaWQxrKBRuxGqznEY7ZF4D,"[4,7,5]",,Wind? Rum. Magic! Generates a Jug of Rum daily. NOTE: Only one Triple Wind Mill is effective per Starter Island.,
0x3b4cdb27641bc76214a0cb6cae3560a468d9ad4a-39,39,0x3b4cdb27641bc76214a0cb6cae3560a468d9ad4a,Hammock,30,32,,4,,true,,3,,ipfs://QmfMRyke5Ly6rit1Q1xbBMtMXhz9eS47Jtu2ibkQEHcHWQ,Hammock,false,1250,ipfs://QmREjSXt5BRw8YmVQxewkyKcQzH58bvn9xLduf6ZU6q6bd,,ipfs://QmQ9GbXMW4LWsKak32sZymyjsWtdfPrvqHMuTWNZpKzRYD,"[3,5,1]",,Take a proper snooze at bedtime or lollygag the day away you lazy scurvy dog.,
0x3b4cdb27641bc76214a0cb6cae3560a468d9ad4a-40,40,0x3b4cdb27641bc76214a0cb6cae3560a468d9ad4a,Pirate Archway,9,9,,4,,true,,1,,ipfs://QmUKBgvHgcV6EMjCxE5WnzJgH5rLUAtJrYx3yoTuB5Qu5i,Pirate Archway,false,1250,ipfs://QmeFga7zwhXibT4oDzmvyrQeHv8zULopdGeYSqH125sMzs,,ipfs://QmcZy67pJg5kiqJZzRAc8Ds1uZAqsASe7cwyWZVKJycg7N,"[5,6,1]",,A curved entrance. Pirate-y in nature.,
0x3b4cdb27641bc76214a0cb6cae3560a468d9ad4a-41,41,0x3b4cdb27641bc76214a0cb6cae3560a468d9ad4a,Tiki Head Statue,86,96,,5,,true,,2,,ipfs://QmZdG9g39YFZ8hQLtCXWDQwGjmXABK2SYGYBTBPjd52eUB,Tiki Head Statue,false,1250,ipfs://QmbhQWGwvDwiy1XSK7kAMF9JtUL2kdT3Wdaf4FhY77w69S,,ipfs://QmcwvuiN6qgMrk9JJZLYUdD8BwGiHMpHUgTHiCAarLZB15,"[1,3,1]",,A statue of a tiki head.,
0x3b4cdb27641bc76214a0cb6cae3560a468d9ad4a-42,42,0x3b4cdb27641bc76214a0cb6cae3560a468d9ad4a,Tiki Bar,1,1,,6,,true,,3,,ipfs://QmR6d2HKSZawTK7txMvSJaeuQ7m1Zs1rxZuqJEAk2imGi2,Tiki Bar,false,1250,ipfs://QmfWHerbXLfeQ9EQrKd1B77D7K3uyVc11dZg6hidTmugZq,,ipfs://QmPhoNe5WFZnCQu27zuqBKfd96cUCc5KP8QTdpN7wyCgGU,"[4,6,4]",,A must-have for a pirate party.,
0x3b4cdb27641bc76214a0cb6cae3560a468d9ad4a-43,43,0x3b4cdb27641bc76214a0cb6cae3560a468d9ad4a,Inflatable Pirate,13,13,,4,,false,,1,,ipfs://QmSYupA39ar7a1tKAHSnK2csXtoHmeyD4TVhDM19meFkhu,Inflatable Pirate,false,1250,ipfs://Qme2o8MPTCTaj7UVyUKQuz43ufeFf6U9r3PWuqBeREZhrM,,ipfs://QmUhjKXRdF1oFdBHEFGpNu5DaLfCSajqGbn2DEYvybucxM,"[1,7,1]",,Why I've never seen a finer representation of a Pirate full of hot air.,
0x3b4cdb27641bc76214a0cb6cae3560a468d9ad4a-44,44,0x3b4cdb27641bc76214a0cb6cae3560a468d9ad4a,Barrrbecue,391,503,,4,,true,,3,,ipfs://QmbAUsUC4KeR5xiNcAFcTfYxzTpwPfZxCQDYBHjVzkjcWK,Barrrbecue,false,750,ipfs://QmPp9DYb6oiCsiRxzG23fvWgt2WH9TWKXq6TkKPkHRbwhi,,ipfs://QmTswGHcH3CpXj2Bh3J4UgKaS43TzSsYX6T6eHBsRL3cAe,"[1,1,1]",,A must-have when celebrating on yer Island with yer mateys!,
0x3b4cdb27641bc76214a0cb6cae3560a468d9ad4a-45,45,0x3b4cdb27641bc76214a0cb6cae3560a468d9ad4a,Marketplace,0,0,,2,,false,,3,,ipfs://QmSbRY47sKfJhc3QvC8rUJxaBPUbzW8M9u8KDKTYSGKUCy,Marketplace,false,,ipfs://QmNYvfv9cdjvcdjet6VyNosHjPhgbYVtGPb8KXc8ywrtsA,,ipfs://QmSfNbLEktJmCtgugRqP5A8J86w3hLxqc2nTg68beeoKcs,,,Buy and sell value goods here.,
0x3b4cdb27641bc76214a0cb6cae3560a468d9ad4a-46,46,0x3b4cdb27641bc76214a0cb6cae3560a468d9ad4a,Bank,0,0,,2,,false,,3,,ipfs://Qme4MaXddmrMkEFGFmsBnWc5Z5dHvShwGmopg9vnfLm7uB,Bank,false,,ipfs://QmZH622VJU4zV1Z5QyRybmBzWasUoiVBqVFb4LhGCxYxH4,,ipfs://QmYWnn971KDYTq8cgKfj3FTKRqubhWMXtCgjdYreNYLanA,,,A place to manage yer booty!,
0x3b4cdb27641bc76214a0cb6cae3560a468d9ad4a-47,47,0x3b4cdb27641bc76214a0cb6cae3560a468d9ad4a,Stone Pathway,307,895,,2,,true,,3,,ipfs://QmPdLMgJ3t5o2PRcMmR4WDQzQCj1aQurAedFNoKg3Fhmaa,Stone Pathway,false,1250,ipfs://QmZjCQfYZeXPptGq4PfsgVNuLH7uHthNpS3tmkXyGYVGQK,,ipfs://QmRbxNu1htE2hfG6UjFqnFWp7vk8xRZbu4Er1w2nHjt1ZF,"[1,0,1]",,A pathway made of stone.,
0x3b4cdb27641bc76214a0cb6cae3560a468d9ad4a-48,48,0x3b4cdb27641bc76214a0cb6cae3560a468d9ad4a,Compass,2385,16581,,2,,false,,,,ipfs://QmTDPex9r57oPDJQW7SVKtRCcrCVSBj8Liq2kTapNCyMga,Compass,false,,ipfs://QmfZ57R7FGkxfsQwLpCrdmtGFFfqMeyRBkfSSTPhj3EocX,,ipfs://QmU2mBYZ3dicQfHwYCE2hS44wiMRZ7rd3ijfgjpKXQNUG5,,,Find yer way with this handy little do-dad.,
0x3b4cdb27641bc76214a0cb6cae3560a468d9ad4a-49,49,0x3b4cdb27641bc76214a0cb6cae3560a468d9ad4a,Spyglass,2522,18577,,2,,false,,,,ipfs://QmPS3LnWry94qsd1yD17VctGKac4KbBBrrdYz1X1cM6W6S,Spyglass,false,,ipfs://QmV5HhATkW78XVa5dAT1SAnxEgqqTEgHgeBoNnBCjSAkKy,,ipfs://QmXBysSeDQymnGiVrQyirqtsEpRnwJJ8U8J36HfGSaPV2Q,,,This helps ye see what's on the horizon.,
0x3b4cdb27641bc76214a0cb6cae3560a468d9ad4a-50,50,0x3b4cdb27641bc76214a0cb6cae3560a468d9ad4a,Mermaid Scale,2574,19048,,2,,false,,,,ipfs://QmUrf8a14UaeoT8UbyucWFFfVsTvS1fw6KjgA4m4a5iti1,Mermaid Scale,false,,ipfs://QmZiSKdaQjhQkTJspPX4XNwtZN9kKAoyPQkW7BmhRYZfr2,,ipfs://QmYqwU19GfS6J2mTgXM55q3WCQLDts4mpEyAgxoZ9S5D3h,,,Mermaids will shed these pretty scales on rare occasions.,
0x3b4cdb27641bc76214a0cb6cae3560a468d9ad4a-51,51,0x3b4cdb27641bc76214a0cb6cae3560a468d9ad4a,Wooden Oar,3049,50922,,2,,false,,,,ipfs://QmerxMSPmDjubfxTZ6sRKzhF34S6vv7qQQVAm56ENZe93D,Wooden Oar,false,,ipfs://QmeB8pw7diyrUNmJ3TLK2mqpbwbfqgwdrHSQVr49Ncxigo,,ipfs://QmbkMU4hbzbTquWSWsPxvuGHAvYW2vUaPmU4s4rzdi229u,,,Wooden Oars be used to move yer ship through the shallows and when the wind dies down.,
0x3b4cdb27641bc76214a0cb6cae3560a468d9ad4a-52,52,0x3b4cdb27641bc76214a0cb6cae3560a468d9ad4a,Iron Anchor,2796,45604,,2,,false,,,,ipfs://QmSvXfhP8syWyjoNwHb8dmD6udwawLQ1Toy9Q4M72ue1VE,Iron Anchor,false,,ipfs://Qmd4mKQYrhRnj1A1fAHmWZsabBSVqLVJdVcd6m4tUwFmcv,,ipfs://QmXMXB8J3YKuLDgrm1h9WS86YYycG5FiY51u9aq5Spqiu3,,,Anchors will hold yer ship still in the storm matey.,
0x3b4cdb27641bc76214a0cb6cae3560a468d9ad4a-53,53,0x3b4cdb27641bc76214a0cb6cae3560a468d9ad4a,Cotton Net,2771,44055,,2,,false,,,,ipfs://QmXkyibTyeEcn7tREYCm4SNeze1L9Gs8sTx9b3n9EDDYW8,Cotton Net,false,,ipfs://QmZtLdrv2C7dyYrfPcZKFc5ee1fRspQucRkRGwjFFohBkf,,ipfs://QmWH8VipTxBa3fCohqwwQJBi3PnseMmahU6VH3SN1hyqBW,,,Nets be used to haul things up from the deep.,
0x3b4cdb27641bc76214a0cb6cae3560a468d9ad4a-54,54,0x3b4cdb27641bc76214a0cb6cae3560a468d9ad4a,Flask of Rum,2802,22747,,2,,false,,,,ipfs://QmUcusCLuvTCshJmV1i6uoZxc3wRC3hAU53Wb5FqQpRmpQ,Flask of Rum,false,,ipfs://QmSFcXuUgx8a6o1HYc6WCLuDPLeSYgwToK83K3wEHpjpy8,,ipfs://QmfC1NTzui72HEBmJDCRDu1qzwxXDZccZaZSP7yMCwGZq8,,2000000000000000000,A flask of delicious rum. This will restore 2 Energy.,
0x3b4cdb27641bc76214a0cb6cae3560a468d9ad4a-55,55,0x3b4cdb27641bc76214a0cb6cae3560a468d9ad4a,Keg of Rum,537,2232,,5,,false,,,,ipfs://QmSqnMg9msjUBjvDHCLfr6D7kBrBb9B9xm4yBBGLvz8qp2,Keg of Rum,false,,ipfs://QmREiVZwKr5cr2Vvc3LVEocfSjzHFGJhabNXCUWonepuiG,,ipfs://QmUqwgY3euhXvUUC4NhCSXL1p6qnER2tDv9cXND4CufRXh,,25000000000000000000,A keg of delicious rum. This will restore 25 Energy.,
0x3b4cdb27641bc76214a0cb6cae3560a468d9ad4a-56,56,0x3b4cdb27641bc76214a0cb6cae3560a468d9ad4a,Kelp,1954,2055,,3,,true,,,,ipfs://QmaBRSWEgVb46wpqNrgr5yjdp9hXAKN3zrvvvUdxE6arVi,Kelp,false,1000,ipfs://QmRgR8tdZcEu18iRjueB2QLvvvfKotYeb1hh9yrhYND95s,4,ipfs://QmPWfp9eiQiDseJ68fc4yysemQbLdRjTD4Wi9dvagUuKHF,"[2,3,2]",,"The grass of the sea, only longer...and slimy.",
0x3b4cdb27641bc76214a0cb6cae3560a468d9ad4a-57,57,0x3b4cdb27641bc76214a0cb6cae3560a468d9ad4a,Coral Reef,0,0,,2,,false,,,,ipfs://QmRMoMe9Uq4LLpYtUr2rvp9Uda1eNyPqDCiGJspTPevPx4,Coral Reef,false,,ipfs://QmRbVmTuGRyyfd7hTj7bbXVvZ61HSjSfGASi7qZPuEmnZG,6,ipfs://QmedTH2igAmnRJyjxg8UgnQEEv9vr5s2Mbr21AsXDjgusX,,,Home to many beautiful fish.,
0x3b4cdb27641bc76214a0cb6cae3560a468d9ad4a-58,58,0x3b4cdb27641bc76214a0cb6cae3560a468d9ad4a,Skeleton in the Sand,192,386,,2,,true,,,,ipfs://QmXYHiHANZ8jwb8YKmac3ywFriqB8bTrWs2hgwxzLZmGJG,Skeleton in the Sand,false,660,ipfs://Qmb2DLuUiZo4gUpt8e7Uvp44HJ5k14gig9yeUEAj5N8Gwy,,ipfs://QmZv8tMJnN8QRRAacUaBBiSFnf84S85qLYPnTpgNPJ84Mc,"[2,1,2]",,That poor mate drank his last jug. Not the worst way to go.,
0x3b4cdb27641bc76214a0cb6cae3560a468d9ad4a-63,63,0x3b4cdb27641bc76214a0cb6cae3560a468d9ad4a,Pirate's Galleon,0,0,,4,,false,1,,,ipfs://QmbmpwNvKtgYp5QxtPLeqT9945UTVR1f6CX64WSiUiypkQ,Pirate's Galleon,false,,ipfs://QmS9LuX2EfQNc5SWCU7cqhma2GUngGq1MmyHyPGGApGqBA,,ipfs://QmR4ScL2NZPHVeS3r49om2XrP8gpX1DS8F1zao3Lpvkx7E,,,"This mid-sized, stout ship is the heart of any fleet.",
0x3b4cdb27641bc76214a0cb6cae3560a468d9ad4a-64,64,0x3b4cdb27641bc76214a0cb6cae3560a468d9ad4a,Pirate's Skiff,0,0,,2,,false,1,,,ipfs://QmRqsAET7qcHQM26K1qr9v5DRNBNxGYbFUQXVrEczamKYc,Pirate's Skiff,true,,ipfs://QmfNYHt24jWwaNQFiEMc8NLGjnq9SJxYXjcY8i5BAGYNC2,,ipfs://QmT21aRhGJD4f6sZHov97jpxHcBB23Goe7H3BJxrdPYqrf,,,"The Skiff lacks in most areas, but it's seaworthy.",
0x3b4cdb27641bc76214a0cb6cae3560a468d9ad4a-65,65,0x3b4cdb27641bc76214a0cb6cae3560a468d9ad4a,Pirate's Frigate,0,0,,4,,false,1,,,ipfs://QmRYRB5MP8Yq7AX8U2AVLyvs7aEfW2YkMhjSkk3jHT6BZ1,Pirate's Frigate,false,,ipfs://QmYb2FC5ZJ2UCWtroJdMQSXgQeTHEstmTReQD73KpiDgPd,,ipfs://QmQ1ngDEbw2KEkA98FYzEKSpCVw4wo3hr8oh1ugg63zQmi,,,This ship is the heart of any fleet and a real powerhouse on the open seas.,
0x3b4cdb27641bc76214a0cb6cae3560a468d9ad4a-66,66,0x3b4cdb27641bc76214a0cb6cae3560a468d9ad4a,Pirate's Marauder,0,0,,4,,false,1,,,ipfs://QmRXfBz9MHP9AQ1z1V4qxzNw9Uutw8qTcuDXMcoCo4vn6F,Pirate's Marauder,false,,ipfs://Qmdkcq7smUiY5uzuwcVPKREsBjwemz1SFEZbMHQVyiNq9g,,ipfs://QmerjvLLsMzBQFALQQdmAGqU688LJceSEcRABvMH5NmWfv,,,This ship is the elite war ship and a battle master of the open seas.,
0x3b4cdb27641bc76214a0cb6cae3560a468d9ad4a-67,67,0x3b4cdb27641bc76214a0cb6cae3560a468d9ad4a,Iron Cannonball,0,0,,2,,false,,,,ipfs://Qmbzt5krgVbhb8edmXxXDJS9xpP3HMkRrQGuDPYngSMpaN,Iron Cannonball,false,,ipfs://QmYqNDfohVaedfQKw3UkzNxuihGip1yjsqEzChn7RUHPJp,,ipfs://QmaZYoA7yodGmf6itmnJb9xUZhnnn4u5aGbeAb4QkAeS7Z,,,A ball of iron that goes in a cannon…appropriately named don't you think?,
0x3b4cdb27641bc76214a0cb6cae3560a468d9ad4a-68,68,0x3b4cdb27641bc76214a0cb6cae3560a468d9ad4a,Iron Cannon,552,852,1,3,"[20000000000,0,0,0,0]",false,,,,ipfs://QmdU2JdWWDvi8PS36bNVVxAjfxgcikVSApWaPxjqRLSM8x,Iron Cannon,false,,ipfs://QmZCDUdJFuRhFcW2U1kv22U4dJt2Ed3yvD8GKQvSAmq4zD,,ipfs://QmSHKXGYeLyx3UWT5v5UbBCXnZtjh3sikjJyZtDZJexQUP,,,Ignite the fuse to make holes in your target. Affix to a ship to add Heavy Blow to its deck. Only one card of each type may be added this way.,
0x3b4cdb27641bc76214a0cb6cae3560a468d9ad4a-69,69,0x3b4cdb27641bc76214a0cb6cae3560a468d9ad4a,Wooden Helm,282,456,1,3,"[0,20000000000,0,0,0]",false,,,,ipfs://QmTgbPGRSgRfgMJ9n7NHPQ3FgLRXmdmYCHJXSTewB6qxc4,Wooden Helm,false,,ipfs://QmWka11yd4apa1WpY3hWmQguoHrSPoNRpM4qZtAF9y8pGe,,ipfs://QmeqotCKUWFXQMhgw98rcdkvGVE4quWz9gmGChH8J6Mpb9,,,"This here wheel turns, and the boats follows. Affix to a ship to add Careful Planning to its deck. Only one card of each type may be added this way.",
0x3b4cdb27641bc76214a0cb6cae3560a468d9ad4a-70,70,0x3b4cdb27641bc76214a0cb6cae3560a468d9ad4a,Faded Map,2611,13564,,4,,false,,,,ipfs://QmNSSNCXRy7tLEUFXy1RTPiYkVcd6ycCrbsJXP9ceUA1Mb,Faded Map,false,,ipfs://QmSN5PRJFC7oLgCwT2uhZiu967aXH3EyhvoiBsPnb3U8xt,,ipfs://QmZM2Yn854Wec98BT1ocCVz6DJEHtQZDiUr64oFaDWU3zF,,,This faded old map looks like it might lead to a treasure of some kind!,
0x3b4cdb27641bc76214a0cb6cae3560a468d9ad4a-71,71,0x3b4cdb27641bc76214a0cb6cae3560a468d9ad4a,Puzzle Totem,13,13,,4,,true,,2,true,ipfs://QmUSSTL7YBWe1S5jJHbDtUCQk2gRChTSiAF2D4ZepsicSN,Puzzle Totem,false,750,ipfs://QmXkm2jtERaYNcjUq18g5nnnJLmeh7MokfRrynatwRyJGH,,ipfs://QmNUS6NDCz1AbwCYBszFWmV61uZiyM1mJ9wQPpnUQicQNz,"[1,1,1]",,Avast! This totem represents that you are a Pirate Nation puzzle winner! U R Smart.,true
0x3b4cdb27641bc76214a0cb6cae3560a468d9ad4a-72,72,0x3b4cdb27641bc76214a0cb6cae3560a468d9ad4a,Cannon Fuse,2002,12268,,2,,false,,,,ipfs://QmdqipSGKpnb1ibMbjo4zwMHYorwPEZBD88JjTH7DXzAfv,Cannon Fuse,false,,ipfs://QmYZ9RHkemGqL2JJ2mPkHjmix3g2STRYaTNBtZAbrC3eUE,,ipfs://QmX7VgXrpHfGF7s5RMk9jdbaNZ9DKb1wdqyi5T1z6yCmZc,,,This is an explosively important part that is used in the crafting of a cannon.,
0x3b4cdb27641bc76214a0cb6cae3560a468d9ad4a-73,73,0x3b4cdb27641bc76214a0cb6cae3560a468d9ad4a,Wooden Column,1885,13798,,2,,false,,,,ipfs://QmeTNtpBPBEwKX4tDjHxD43MkxqdiRko91Y3CYF2ZGh3ee,Wooden Column,false,,ipfs://QmbrT7pBgVDCxTZuqqARVSswf8rm8836jy6j4ZX1TWAaN9,,ipfs://QmWL1SyaMUVHBJUUWcnYG96M3Whur8UNuEhqCwam6B6y2X,,,This holds the ship's helm. That's the wheel thingy for you landlubbers out there.,
0x3b4cdb27641bc76214a0cb6cae3560a468d9ad4a-74,74,0x3b4cdb27641bc76214a0cb6cae3560a468d9ad4a,Hemp Rope,1461,7671,,2,,false,,,,ipfs://QmUZaCRHngMPDdep3cCimhttwo6RHAvzEn1xFNwjfNgkLn,Hemp Rope,false,,ipfs://QmaK4B6hfFYhEeRJCQZdvEY9754Dg2xkVrp69M2pRU9pDt,,ipfs://QmWR1yzTuY2Ri5ttc7YNdRzxvExvWzZDh8FK1FTrmKkeyq,,,Ropes are to a ship's sails as a belt is to a pirates pants.,
0x3b4cdb27641bc76214a0cb6cae3560a468d9ad4a-75,75,0x3b4cdb27641bc76214a0cb6cae3560a468d9ad4a,Iron Rivets,1848,13245,,2,,false,,,,ipfs://QmedCrXDuGnp4KMLnQ4VwiGgA8m7PLSoqf5oARdepDne9M,Iron Rivets,false,,ipfs://Qmer79Hh4tt8NioPUTJkAmyRanvMeDkVG2BG2ZTk9DMm5J,,ipfs://QmaxvJtCSD7dAHnDyiJjrRaPRvGCwsXYAN8yMZGPrHBigM,,,These are used to hold the reinforced hull plates to the ship.,
0x3b4cdb27641bc76214a0cb6cae3560a468d9ad4a-76,76,0x3b4cdb27641bc76214a0cb6cae3560a468d9ad4a,Worn Copper Coin,215,778,,5,,false,,,,ipfs://QmUDPiXXgmWQJbqc32FyKcYChgPDZQjKcSGL2xQnGfQQvs,Worn Copper Coin,false,,ipfs://QmTKVRJ2e5kYxf8aWbV5bfUJ9CV6GMUpVdDnmtcRRQBRfQ,,ipfs://Qmeh1fKvv3YPhADweYuRTAjVRSXBSFZ2Si7qu7CHGzowZS,,,"An ancient, worn copper coin from a forgotten era.",
0x3b4cdb27641bc76214a0cb6cae3560a468d9ad4a-77,77,0x3b4cdb27641bc76214a0cb6cae3560a468d9ad4a,Glimmering Silver Coin,0,0,,6,,false,,,,ipfs://QmXAx5WkYc5mCZ4vLVG3hz9r2CDDwqaxDfwBiAUA4PJR81,Glimmering Silver Coin,false,,ipfs://QmdfWaMeKzE1mToZfTaCXtubajHCT8prw8hGA9A3PYdUeo,,ipfs://QmasXgt45viZKDrhoX6qEjhF1QbgyYmbSJhdtHK4zYQPQV,,,A well-worn silver piece that appears to be hundreds of years old. It still glimmers when polished.,
0x3b4cdb27641bc76214a0cb6cae3560a468d9ad4a-78,78,0x3b4cdb27641bc76214a0cb6cae3560a468d9ad4a,Ancient Gold Coin,0,0,,8,,false,,,,ipfs://QmaQWU3qQfTqHSA5Hy4XVx38QJNrWTwBVhQkvbeM6Df79F,Ancient Gold Coin,false,,ipfs://QmbZDTda6eQFk8schureQCdcEhMnqz2ZrmehohsZNGTcwX,,ipfs://QmaJEKgfyoYZ5HJByqoue7u6TH3gMKDT85u3GMaZcvQRTY,,,A tarnished gold coin from a fallen civilization. It radiates with an aura of power.,
0x3b4cdb27641bc76214a0cb6cae3560a468d9ad4a-79,79,0x3b4cdb27641bc76214a0cb6cae3560a468d9ad4a,Iron Needle,2034,12420,,2,,false,,,,ipfs://QmPHoSWwqinkHnXhYK6XuJzKkpaeZQQh9VZpAF4ooa16NJ,Iron Needle,false,,ipfs://QmcdCPJ6Aq3qP5z5YVHh6qRhMTLhqfhhtQQJpW8kw79yEJ,,ipfs://QmVAEyZL3acdZvgZELunvaUiZ9aLy8ZTVjRQAtvgYAUYwB,,,This is the pointy thingy in a sight that marks the target that is about to get hit by a heavy round thingy.,
0x3b4cdb27641bc76214a0cb6cae3560a468d9ad4a-80,80,0x3b4cdb27641bc76214a0cb6cae3560a468d9ad4a,High Seas Map,881,2137,,5,,false,,,,ipfs://QmPYBxz4k8jr8ovP13N7FeiFNvGd8gwaCjyoHpt7aaQhKj,High Seas Map,true,,ipfs://QmSYf67HRenjfirRTG1XJjhbZwUsRKisiR93gVgSUPoFmT,,ipfs://QmfUGPXiWmeXZvpKLTF8XdbZCy5fzMTsk1AMcQEfcY8mD3,,,This pretty map promises adventures on the high seas.,
0x3b4cdb27641bc76214a0cb6cae3560a468d9ad4a-81,81,0x3b4cdb27641bc76214a0cb6cae3560a468d9ad4a,Cutlass,1104,3919,,3,,false,,,,ipfs://QmSw4Xp7coejT2VnSVBaTGkjjSDBwZodqg9ohoABhtQmQS,Cutlass,false,,ipfs://QmWDE324aoDKyw2haQfqnDGWtVWXBqFC3AYDCRYLyVZsYD,,ipfs://QmXeRgdQGp28gZvMs4aFbNPmeNArszdHFQg9iUQMuHsUxc,,,Cutlass. No sir. I say cut more!,
0x3b4cdb27641bc76214a0cb6cae3560a468d9ad4a-82,82,0x3b4cdb27641bc76214a0cb6cae3560a468d9ad4a,Billy Club,963,5302,,3,,false,,,,ipfs://QmV2sUgv9VaWBj45pr7GBkqe4U8i3GwDfXjK1yQgpmuj13,Billy Club,false,,ipfs://QmUfLy3zeS1C9Ur3tUw4qRksbMCtisMzAnNDZwTZXyoQXB,,ipfs://Qmcq83B8DhHZSzLFYjgpP4W8w627izh9hhGiKZch27WsgM,,,"It's always good to have Billy around, just in case.",
0x3b4cdb27641bc76214a0cb6cae3560a468d9ad4a-83,83,0x3b4cdb27641bc76214a0cb6cae3560a468d9ad4a,Iron Armor,311,420,1,3,"[0,0,0,0,20000000000]",false,,,,ipfs://QmQrEdqKgSEdN1HXy2PgrXLF6EtSDLSFwzjLxrd2NZeD95,Iron Armor,false,,ipfs://QmUhvBkMoAa29WDFtFs1vVa9TcvK1LgpdAvh8FBPF8T3gm,,ipfs://QmSpxKRkS4ebjs4zgLu3qimoUv7WJp4YcT6HTJgrv2DZHt,,,These plates will provide some protection from those cannons. Affix to a ship to add Hardened Shield to its deck. Only one card of each type may be added this way.,
0x3b4cdb27641bc76214a0cb6cae3560a468d9ad4a-84,84,0x3b4cdb27641bc76214a0cb6cae3560a468d9ad4a,Plans: Sloop I,104,138,,4,,false,,,,ipfs://QmegATW2QqVuVQL3tYpSjMpJUCJE8goEBNaHDzkGTUZrqZ,Plans: Sloop I,false,,ipfs://QmSWTnA1YwytCTjJpcGT9gCUvhoB8BVcvcwx9rSWdcLdQx,,ipfs://QmRruxdg6FDGA6EBw5fVKSTJipA9zHizgiFFFGRtJqmQNp,,,Collect all 4 plans to create Completed Plans: Sloop.,
0x3b4cdb27641bc76214a0cb6cae3560a468d9ad4a-85,85,0x3b4cdb27641bc76214a0cb6cae3560a468d9ad4a,Plans: Sloop II,99,139,,4,,false,,,,ipfs://QmcMLjLnRo3dgsJsJLgzYjmVtN6zK4skFCTESpcNtwjVdY,Plans: Sloop II,false,,ipfs://QmUiexjU3FYh4ZKbDp6GV81BvYSdmT8a9aha8Kkt7q44mX,,ipfs://QmSJ2kGRv41C6yayN1ZYbMA7rS5NFCd5ELusQGAbvLLW19,,,Collect all 4 plans to create Completed Plans: Sloop.,
0x3b4cdb27641bc76214a0cb6cae3560a468d9ad4a-86,86,0x3b4cdb27641bc76214a0cb6cae3560a468d9ad4a,Plans: Sloop III,100,138,,4,,false,,,,ipfs://QmbHuR4FzTGLWSRbUDPcNhsT9g6JVDmn26jYWFwzrxWjcA,Plans: Sloop III,false,,ipfs://QmemakkBsY4XuEy4nNEJ6rDy3cK3D9aGRxiLSsyiH6dZW5,,ipfs://QmWpJDS3T6v3DYkDBnGsgJgxBXsfqM9iDcJnXADcTHrMU6,,,Collect all 4 plans to create Completed Plans: Sloop.,
0x3b4cdb27641bc76214a0cb6cae3560a468d9ad4a-87,87,0x3b4cdb27641bc76214a0cb6cae3560a468d9ad4a,Plans: Sloop IV,85,124,,4,,false,,,,ipfs://QmepUogQHRL6AZesJ5Zdb1ToH1V7qDvVDMTTLCWsvpvsm8,Plans: Sloop IV,false,,ipfs://QmdXdwCGdXemkSSX4hnCAuAhvuoMfUhQtAj6K5iDyTHHbN,,ipfs://QmQZwxs9ZD3LywJ8Fpd6DPnhBmHdsja4NgZkUPEGDpxFcD,,,Collect all 4 plans to create Completed Plans: Sloop.,
0x3b4cdb27641bc76214a0cb6cae3560a468d9ad4a-88,88,0x3b4cdb27641bc76214a0cb6cae3560a468d9ad4a,Plans: Galleon I,122,179,,4,,false,,,,ipfs://QmQjBwrnTXtwBtrhbVz7S7y6TAwqM7aGwX8ddqtkenim4g,Plans: Galleon I,false,,ipfs://QmTMBBQWWCCwaFaE6DVdV8zfKk9kpn1YwWbWyRaEuraKvR,,ipfs://QmTZn2aenqtF4SSGGFRFDfwp8axD6v1vPuUkviigepvUr7,,,Collect all 4 plans to create Completed Plans: Galleon.,
0x3b4cdb27641bc76214a0cb6cae3560a468d9ad4a-89,89,0x3b4cdb27641bc76214a0cb6cae3560a468d9ad4a,Plans: Galleon II,116,187,,4,,false,,,,ipfs://QmQHSBKBDTJpYHDf8kuBXgW2iZwQStdc3z1Uko1YJbVnZ6,Plans: Galleon II,false,,ipfs://QmTgtvQCpPWk94xH7ERYK7ZZ6muRHc51B99gjXERc3SG4G,,ipfs://QmSnhDtU2wDrxgm6ko3yT8MQ1e5KpCBzVm7h1eEkSinysK,,,Collect all 4 plans to create Completed Plans: Galleon.,
0x3b4cdb27641bc76214a0cb6cae3560a468d9ad4a-90,90,0x3b4cdb27641bc76214a0cb6cae3560a468d9ad4a,Plans: Galleon III,130,188,,4,,false,,,,ipfs://QmduYejnthcaxm4S3Fw8wXtNFzfN23hJ1ZXCX9mSxRw4hS,Plans: Galleon III,false,,ipfs://QmbF42LxfAwZDgdUNcSZAxtJ88weTBQfhUnrof85MZmxkn,,ipfs://QmZffd8DosCwF3KdLF7v94V6zVNo8bDtF33zWq8Vn2FZUH,,,Collect all 4 plans to create Completed Plans: Galleon.,
0x3b4cdb27641bc76214a0cb6cae3560a468d9ad4a-91,91,0x3b4cdb27641bc76214a0cb6cae3560a468d9ad4a,Plans: Galleon IV,154,244,,4,,false,,,,ipfs://QmbgCLomDdxWGGri2cCV2b1VojbMrzbwbpa5mGPYpyqHdY,Plans: Galleon IV,false,,ipfs://QmQY5L23VLFHkBHBw9KiXXY2HPr7Aajj9a9iq2ZENbG5YS,,ipfs://QmXhBrtq66WqrgGM1PSM3gnATUseU5zMdtgcSMUrU7GyPR,,,Collect all 4 plans to create Completed Plans: Galleon.,
0x3b4cdb27641bc76214a0cb6cae3560a468d9ad4a-92,92,0x3b4cdb27641bc76214a0cb6cae3560a468d9ad4a,Iron Sights,360,627,1,3,"[0,0,0,20000000000,0]",false,,,,ipfs://Qme4nqob32P4YmVBMKM1UPwJJJiD7mxntYAvjEHmN8rJyf,Iron Sights,false,,ipfs://QmSwupPq2iiwvfY9ssQMsrTVezG5Dw9UbQEbqrBc8hgESR,,ipfs://QmZKMR4HfRuZr4BPmXhGbiCUfTksKcHpqCHCSv1BprHZZ1,,,"Cannons can be a bit inaccurate, but these Sights will help them hit their target. Affix to a ship to add Hit the Dry Powder to its deck. Only one card of each type may be added this way.",
0x3b4cdb27641bc76214a0cb6cae3560a468d9ad4a-93,93,0x3b4cdb27641bc76214a0cb6cae3560a468d9ad4a,Fish Food,90,133,,6,,false,,,,ipfs://Qmc79jKvT1gX1UFjXQg1Yx3e4T8E7tkgkcwmJyk1duJPzT,Fish Food,false,,ipfs://Qmd9wpoEjTJrrqU4syjUErY7ym6indq1jUdVm8k8zTrTs5,,ipfs://QmVyhF2vJwTUnPxPtGJN6owiojVur698bvByiVPk2R5GUD,,,This shaker contains fish food. Seems harmless.,
0x3b4cdb27641bc76214a0cb6cae3560a468d9ad4a-94,94,0x3b4cdb27641bc76214a0cb6cae3560a468d9ad4a,Crate of Bananas,101,172,,6,,false,,,,ipfs://QmTbxRm2it6bFVARzgYjgdgJN3FAyh6kFD1QMMdJuSbiT1,Crate of Bananas,false,,ipfs://QmTE5gYBSGqFv2HY2ficpkfKJHmRPuRvbmoHbcrxzt141E,,ipfs://QmXX8dRf4vSj727YkrhCmjjmYtJfzKhQKAsKc6R2GyWkL8,,,A simple crate of bananas. Right?,
0x3b4cdb27641bc76214a0cb6cae3560a468d9ad4a-95,95,0x3b4cdb27641bc76214a0cb6cae3560a468d9ad4a,Grappling Hook,633,1928,,3,,false,,,,ipfs://QmeLAmhA8eR8jXQ1BiFuSma4YD7RueNXSEeAJ7ZFYQoTLF,Grappling Hook,false,,ipfs://QmPHWt1dvX6LAXy8uCsg94i7MqSA3nHpYPH1jD9Qiw7re9,,ipfs://QmQzSUHWcqTvT42mu1v9guTJWpR6q82rXVH67nCjrobHWw,,,This little thing allows you to reach new heights.,
0x3b4cdb27641bc76214a0cb6cae3560a468d9ad4a-96,96,0x3b4cdb27641bc76214a0cb6cae3560a468d9ad4a,Dagger,908,3782,,3,,false,,,,ipfs://QmdYfXMAi4u2QVySShe1d8Y7BmFrj2JHc8fPwc51QEn4MW,Dagger,false,,ipfs://QmdiukQrEH6CrHexsB32QvKNMM2JwveibL44BXjF3zKawc,,ipfs://QmQP7tsYAMkdkBTbrP5azqzwfRS9zeyPZQx9xdHizAe7Vs,,,Nothing helps get your point across when negotiating like a dagger.,
0x3b4cdb27641bc76214a0cb6cae3560a468d9ad4a-97,97,0x3b4cdb27641bc76214a0cb6cae3560a468d9ad4a,Musket,853,3595,,3,,false,,,,ipfs://Qmd7QAqWSQgCXMvV2kibHm3Ppw45ynG9GvV7jW9nNXWNBx,Musket,false,,ipfs://Qma1Cy1DrinKB7RsAo41VMeWFYCRMU2khKSQB1PHKA92Jx,,ipfs://QmcvMrBBu5Y62zetbuJmM42uYTxA2vf8uwCkaSLkH915qk,,,A pirate's best friend.,
0x3b4cdb27641bc76214a0cb6cae3560a468d9ad4a-98,98,0x3b4cdb27641bc76214a0cb6cae3560a468d9ad4a,Cotton Sail,1237,2982,1,3,"[0,0,20000000000,0,0]",false,,,,ipfs://QmaiQHhevdwPxwpTuibJ6xFy579rUzu73Fcs1Rq1c8EVGU,Cotton Sail,false,,ipfs://QmWQ44dyu8BuZoEYXW2nCbZrCquqiuXXSn4ss1G53gGfiR,,ipfs://QmeyGS9oRzBrsTZKsJg39Ra5gT4hW55vdPqzxaVQMMo1LM,,,These sails will give your ship some zip! Affix to a ship to add Act with Haste to its deck. Only one card of each type may be added this way.,
0x3b4cdb27641bc76214a0cb6cae3560a468d9ad4a-99,99,0x3b4cdb27641bc76214a0cb6cae3560a468d9ad4a,Docks,0,0,,2,,false,,,,ipfs://QmYvDYVgns86EmWuzdTcm6XF6t5szZeVhuWcqvLyV59y5r,Docks,false,,ipfs://QmRqc76n2PcjVzqcCmg7eDeiE8YbUjoJctQPvh7FN7yfNU,,ipfs://QmT9JLkFWNH22sK2oas4UFSoXVpmR5A8XYgXCqW9hAkVQE,,,Sittin' on the Dock of the Bay…,
0x3b4cdb27641bc76214a0cb6cae3560a468d9ad4a-100,100,0x3b4cdb27641bc76214a0cb6cae3560a468d9ad4a,Plans: Skiff I,176,300,,2,,false,,,,ipfs://QmVrhggSGjVuYr1fzMSM5XYrhxqLNFknU9ufm9aSbbbp5A,Plans: Skiff I,true,,ipfs://QmYMe8ayQc1TD1Xjt6HVbGPmKzppzJCBWLZ2kNqemXoahh,,ipfs://QmWqTjhqHHCzQ1wSsykGk5bNw6DseKup6zXvdJEhi64LCq,,,Collect both plans to create Completed Plans: Skiff,
0x3b4cdb27641bc76214a0cb6cae3560a468d9ad4a-101,101,0x3b4cdb27641bc76214a0cb6cae3560a468d9ad4a,Plans: Skiff II,138,279,,2,,false,,,,ipfs://QmQ287m7iyDByC2LUc9shVthp8cqmX97NZTXRrpUy9f9ZJ,Plans: Skiff II,true,,ipfs://QmSQAFPDMq4mKNYnD8WaWfB5Tcua28FxA6kNzNANAShKbD,,ipfs://QmR8CbpjW9WoKqNoDxfQ4EeUkeytwartD9ypHp39jmrbKT,,,Collect both plans to create Completed Plans: Skiff,
0x3b4cdb27641bc76214a0cb6cae3560a468d9ad4a-102,102,0x3b4cdb27641bc76214a0cb6cae3560a468d9ad4a,Completed Plan: Skiff,95,185,,2,,false,,,,ipfs://QmaB4vmv1ddxUiKiXwcfDHBT5gxZxQsqy1e8NKfGE8hEPF,Completed Plan: Skiff,true,,ipfs://QmaZWmq2GhW7NXfgKNLriXFHydBju9CspJVHUtFDDExCJZ,,ipfs://QmQUZJ9ubccHr9SznaNcuaEUk1AQn7YBjbPq239hsmZ5XY,,,This is a completed Plan for a Skiff class pirate ship.,
0x3b4cdb27641bc76214a0cb6cae3560a468d9ad4a-103,103,0x3b4cdb27641bc76214a0cb6cae3560a468d9ad4a,Completed Plan: Sloop,13,13,,4,,false,,,,ipfs://QmVDs2G3vLTyBeA1z5bWuFtjqeJFLdwqYbem1s1kzayY45,Completed Plan: Sloop,false,,ipfs://QmdbFJ6gUueByETkrmPcUXeSAXwiMHBojMfDSUvi6xAagu,,ipfs://Qmbit4PXnFJCrXwtT7wW5kGZKMZ7T5onZBYY6k7vLbW8s3,,,This is a completed Plan for a Sloop class pirate ship.,
0x3b4cdb27641bc76214a0cb6cae3560a468d9ad4a-104,104,0x3b4cdb27641bc76214a0cb6cae3560a468d9ad4a,Completed Plan: Galleon,19,23,,4,,false,,,,ipfs://QmPBXs5YPzxzZcTybUXcWVo1pyKgAJhNhsrvpcjNxmi2SX,Completed Plan: Galleon,false,,ipfs://QmegdqXwxxosBHvyVsxafYoyss4VHgPKiXF3JY6d33hjGU,,ipfs://QmNViTC5Wp1VhbCt4URv26VSoCcQtq8Y2SHQVKL5tncBRm,,,This is a completed Plan for a Galleon class pirate ship.,
0x3b4cdb27641bc76214a0cb6cae3560a468d9ad4a-105,105,0x3b4cdb27641bc76214a0cb6cae3560a468d9ad4a,Founder's Whoopsie Chest,148,902,,4,,true,,1,,ipfs://QmemdeU9f1L5fUZ1jLqV3XTYC5Yry9ZgQ8Xi9FEn96g1ud,Founder's Whoopsie Chest,false,1000,ipfs://QmeptSgzcuhUQEEquQkUUz8218BkuBiEzNA2kHqd4V6ZZ2,,ipfs://QmWcv92Asf4uzCUhQewq6TfsXRKjugAwx3pUesFyMg3YMn,"[1,1,1]",,Odd looking chest that seems to be of unknown origin. There are words inscribed on the side: 'devs do something!',
0x3b4cdb27641bc76214a0cb6cae3560a468d9ad4a-106,106,0x3b4cdb27641bc76214a0cb6cae3560a468d9ad4a,Trivia Totem,3,3,,4,,true,,2,true,ipfs://QmPafg5ZCrWLr8WqVp7K3BpivJfzvFiyzwhXdpRV4PLvxt,Trivia Totem,false,750,ipfs://Qmf9tQZVDqFeCcjQuVtvP1GgNCa4fHbfwQdFQXH2tRd44e,,ipfs://QmTeYvpKBhpnHyozTZPumLVHvGWZ79CjaJeygJkPE8YgQQ,"[1,1,1]",,A curious totem for know-it-alls.,true
